<?xml version="1.0" encoding="UTF-8"?>
<addon id="plugin.neil.bengali"
version="2.3.1"
name="Indian News Channel"
provider-name="Roman_V_M">
<requires>
  <import addon="xbmc.python" version="2.25.0"/>
</requires>
<extension point="xbmc.python.pluginsource" library="main.py">
  <provides>video</provides>
</extension>
<extension point="xbmc.addon.metadata">
  <summary lang="en">Indian News Channel</summary>
  <description lang="en_GB">Indian News Channel.</description>
  <disclaimer lang="en_GB">Indian News Channel</disclaimer>
  <assets>
    <icon>icon.png</icon>
    <fanart>fanart.jpg</fanart>
    <screenshot>resources\screenshot-01.jpg</screenshot>
    <screenshot>resources\screenshot-02.jpg</screenshot>
    <screenshot>resources\screenshot-03.jpg</screenshot>    
  </assets>
  <news>Indian News Channel</news>
</extension>
</addon>
